"","Estimate","Std. Error","t value","Pr(>|t|)"
"(Intercept)",5.94739490502567,2.54665932191364,2.3353712268654,0.257560950259982
"movies$budget",0.018364234977018,0.027479467619851,0.668289329002566,0.62495128493155
