"","X","budget","rating","predicted_rating"
"1",1,1e+06,7.8,6.6793015419177
"2",2,2.5e+07,6.5,7.06210558562238
"3",3,7.5e+07,8.2,7.85961401000715
"4",4,5e+06,5.9,6.74310221586848
"5",5,1.5e+08,9,9.0558766465843
