"","avg_runtime","avg_rating","avg_budget"
"1",126.333333333333,7.03333333333333,59.1333333333333
